-- MySQL dump 10.13  Distrib 5.1.61, for debian-linux-gnu (i686)
--
-- Host: localhost    Database: test
-- ------------------------------------------------------
-- Server version	5.1.61-0ubuntu0.10.10.1

/*!40101 SET @OLD_CHARACTER_SET_CLIENT=@@CHARACTER_SET_CLIENT */;
/*!40101 SET @OLD_CHARACTER_SET_RESULTS=@@CHARACTER_SET_RESULTS */;
/*!40101 SET @OLD_COLLATION_CONNECTION=@@COLLATION_CONNECTION */;
/*!40101 SET NAMES utf8 */;
/*!40103 SET @OLD_TIME_ZONE=@@TIME_ZONE */;
/*!40103 SET TIME_ZONE='+00:00' */;
/*!40014 SET @OLD_UNIQUE_CHECKS=@@UNIQUE_CHECKS, UNIQUE_CHECKS=0 */;
/*!40014 SET @OLD_FOREIGN_KEY_CHECKS=@@FOREIGN_KEY_CHECKS, FOREIGN_KEY_CHECKS=0 */;
/*!40101 SET @OLD_SQL_MODE=@@SQL_MODE, SQL_MODE='NO_AUTO_VALUE_ON_ZERO' */;
/*!40111 SET @OLD_SQL_NOTES=@@SQL_NOTES, SQL_NOTES=0 */;

--
-- Current Database: `test`
--

/*!40000 DROP DATABASE IF EXISTS `test`*/;

CREATE DATABASE /*!32312 IF NOT EXISTS*/ `test` /*!40100 DEFAULT CHARACTER SET latin2 COLLATE latin2_czech_cs */;

USE `test`;

--
-- Table structure for table `t01_case`
--

DROP TABLE IF EXISTS `t01_case`;
/*!40101 SET @saved_cs_client     = @@character_set_client */;
/*!40101 SET character_set_client = utf8 */;
CREATE TABLE `t01_case` (
  `id_01` int(10) unsigned NOT NULL AUTO_INCREMENT,
  `case_01` decimal(10,0) NOT NULL,
  `subject_01` varchar(256) COLLATE latin2_czech_cs NOT NULL,
  `customer_01` varchar(45) COLLATE latin2_czech_cs DEFAULT NULL,
  `status_01` varchar(45) COLLATE latin2_czech_cs NOT NULL,
  `description_01` text COLLATE latin2_czech_cs,
  `score_01` varchar(32) COLLATE latin2_czech_cs DEFAULT NULL,
  `start_01` date NOT NULL,
  `stop_01` date DEFAULT NULL,
  `project_01` int(10) unsigned NOT NULL,
  `active_01` tinyint(4) NOT NULL DEFAULT '1',
  `jira_01` varchar(16) COLLATE latin2_czech_cs DEFAULT NULL,
  PRIMARY KEY (`id_01`),
  KEY `fk_t01_case_1_idx` (`project_01`),
  CONSTRAINT `fk_t01_case_1` FOREIGN KEY (`project_01`) REFERENCES `t04_project` (`project_04`) ON DELETE NO ACTION ON UPDATE NO ACTION
) ENGINE=InnoDB AUTO_INCREMENT=192 DEFAULT CHARSET=latin2 COLLATE=latin2_czech_cs;
/*!40101 SET character_set_client = @saved_cs_client */;

--
-- Dumping data for table `t01_case`
--

LOCK TABLES `t01_case` WRITE;
/*!40000 ALTER TABLE `t01_case` DISABLE KEYS */;
INSERT INTO `t01_case` VALUES (68,'1211357','OTCS Ticket 1211357 : ??????????????????????????????????',NULL,'Pending-Internal','\r\n\r\n',NULL,'2012-02-27',NULL,1,1,NULL),(69,'1275848','OTCS Ticket 1275848 : CreateOrder: GetProps failed',NULL,'Pending-Internal','\r\n\r\n',NULL,'2012-01-26',NULL,1,1,NULL),(70,'1288667','OTCS Ticket 1288667 : Problem in PROD with DesktopLink 9.7 when Printing to \"OpenText Imaging TIFF Converter\" from the \"OpenText Imaging Windows Viewer\"',NULL,'Feedback (Waiting)','28.1.2013 - What is the status about this topic?  Check with CS, close it if needed\n11.12.2012 - n update so far, need to resume working on it after escalations are handled.\r\n22.10.2012 - incomplete fix instalaltion, we still wait for confirmation from customer.\r\n15.10.2012 - fix is found\r\n03.10.2012 - first reply generated based on the log file. We need more time to process.\r\n24.09.2012 - scheduled for this week high priority.\r\n17.09.2012 - schedule it for analysis quickly.\r\n03.09.2012 - follow up on the log file we got recently!\r\n14.05.2012 - pending at support\r\n06.05.2012 - infrastructure problem, Roland is notified.\r\n02.05.2012 - it is the cfgDownload. It requests the profile update but gets no connection, therefore times out and sets this to default.\r\n23.04.2012 - scheduel for analysis.\r\n\r\n',NULL,'2012-04-13',NULL,4,1,'VIEW-157'),(71,'1318636','OTCS Ticket 1318636 opentext viewer can\'t decode cyrillic fonts',NULL,'Bug-Open Ticket','28.1.2013 - Husain needs to schedule a review.\n11.12.2012 - postponed, no one is working on it so far.\r\n24.09.2012 - postponed after 21, now after Exxon and dynamic chunk size.\r\n13.08.2012 - postponed\r\n06.06.2012 - status?\r\n25.11.2012 - did not even made it for 21. Will be available in 22+\r\n21.05.2012 - internal done, scheduled for the patch 021\r\n14.05.2012 - test phase continues, the implementation weems to be working OK for now.\r\n06.05.2012 - the issues persist and update expected by Wednesday\r\n02.05.2012 - Ganesh implemented the easy mechanism and continues testing,. Minor problem occuring\r\n23.04.2012 - analysis made but siounds like non sence. Ganesh got still no idea how does TestOutW/A work :-(\r\n                      explained again, drawn on the screen. Gave him the same as giving him for weeks. \r\n16.04.2012 - analysis completed: \r\n02.04.2012 - analysis under way,, team has no idea how does it work. They still try to figure it out.\r\n26.03.2012 - analysis under way, the problem is related to the convertoer between UNICODE.\r\n19.03.2012 - analysis under way. We look at the other chnages in the product that might impact this functionality.\r\n13.03.2012 - resubmitted to eng.\r\n13.02.2012 - * closed * not our problem.\r\n\r\n',NULL,'2012-02-09',NULL,4,1,'IMAG-8812'),(72,'1323917','OTCS Ticket 1323917 Silent roll-out',NULL,'Closed-PostProc','28.1.2013 - Limitation described and published, no SW update actually published.\n7.1.2013 - Reviewing the recommendations: check with customer support and understand the customer need behind it. (Martin)\n17.12.2012 - review scheduled.\r\n15.10.2012 - cannot be fixed in a patch a all??\r\n03.09.2012 - re-scheduled, no capacity left to look at it.\r\n23.07.2012 - no progress, no time left, Review: Seems to work in 32bit, failing in 64bit.\r\n02.07.2012 - last suggested implementation (from SAP) is being implemented. Not available as of now.\r\n25.06.2012 - SAP adviced him to overcome single user limitation, Ganesh is testing further.\r\n18.06.2012 - suggested changes from SAP works for single user only ... :-(\r\n11.06.2012 - scheduled for this week.\r\n21.05.2012 - no progress so far, rescheduled for this week.\r\n14.05.2012 - \r\n06.05.2012 - implementation still under progress. We need help from SAP on this.\r\n02.05.2012 - SAP suggested fixes, being implemented buy Shreenivas\r\n23.04.2012 - OOS created, information for further progress available. We resume the case later this week.\r\n02.04.2012 - Asis can help to create OSS Note. Team will work with him to make it happen.\r\n19.03.2012 - SAP OSS Message must be posted. It will be done in coordiation with SAP team.\r\n05.03.2012 - feedback pending\r\n27.02.2012 - checked with SAP to seek the advice how to overcome it. \r\n20.02.2012 - scheduled for analysis.\r\n\r\n',NULL,'2012-02-16','2013-01-15',4,0,'VIEW-36'),(73,'1333884','OTCS Ticket 1333884 - Form overlay problem with WebViewer 10.2.0 (build 357)',NULL,'Bug-Open Ticket','26.03.2012 - committed in patch\r\n19.03.2012 - test binary sent to CS, confirmed and planned \r\n12.03.2012 - analysis started. Targetting the topic globaly. Once and for all.\r\n\r\n',NULL,'2012-03-05',NULL,5,1,'DOCVW-3531'),(74,'1345121','OTCS Ticket 1345121 In Content Server, unique objects createdin different volumes, maybe assigned the same DataIDs',NULL,'Closed','\r\n\r\n',NULL,'2012-03-23','2013-01-28',1,0,NULL),(75,'1349598','OTCS Ticket 1349598 - Commerzbank - ODMA Cache deletion issue',NULL,'Closed','28.1.2013 - TB removes the cache files even from document Viewer cannot display.\n17.12.2012 - happens for data types that Viewer cannot display. Assumtion: word is locking the data? Stop Word before you delete in Viewer\r\n11.12.2012 - irreproducible, requesting inout from CS/cusotmer. Have not get it yet.\r\n24.09.2012 - pending to reproduce ...\r\n17.09.2012 - CS follows up, not us.\r\n10.09.2012 - wait for support to come in.\r\n03.09.2012 - reopened. Reopening the same document does not work.\r\n30.07.2012 - test binary is OK, scheduled for the patch.\r\n23.07.2012 - issues is fixed, test binary scheduled for the week starting July 23rd.\r\n16.07.2012 - problem dentified, fix scheduled for this week.\r\n\r\n',NULL,'2012-07-06','2013-02-09',4,0,'VIEW-296'),(76,'1359427','OTCS Ticket 1359427 Mail Archiving Lotus Notes: Restore failed on BYBRR1 --> Required attribute \'hosttype\' was not provided',NULL,'On Hold','30.1.2013 - regional settings? CS analyses the problem.\n23.1.2013 - Test documents are still pending. Waiting for customer.\n16.1.2013 - no activity for us\n\r\n\r\n',NULL,'2012-11-21',NULL,2,1,NULL),(77,'1425466','OTCS Ticket 1425466 P1 SAP MSG 8000008285 - Invoice retrieval from IXOS archive srvr',NULL,'On Hold','28.1.2013 - QA picked it up. I need to confirm the performance changes in WAN\n14.1.2013 - The test binary delivered, working on the test in LAN, WAN tests scheduled.\n11.12.2012 - resume working on it as soon as we stabilize the standard escalations.\r\n15.10.2012 - Ganesh builds localy test binary for internal tests. We measure whatever is descibbed in VIEW-334\r\n03.10.2012 - tracking the topic, trying to see the overall performance for 2MB chunks.\r\n06.08.2012 - delivered to Exxon as Test binary.\r\n23.07.2012 - working on the schedule for 1024 kB chunk size.\r\n18.06.2012 - customer scheduled the remote session.\r\n04.06.2012 - analysis delivered.\r\n\r\n',NULL,'2012-05-22',NULL,4,1,'VIEW-334'),(78,'1432054','RE: FW: OTCS Ticket 1432054 Document Pipeline LAPI Error Access Denied',NULL,'Closed-PostProc','7.1.2013 - CS updated Jira directly, customer is OK with description apparently (Adrian)\n17.12.2012 - check with CS the status here.\r\n22.10.2012 - feedback is still pending.\r\n15.10.2012 - feedback is pending\r\n08.10.2012 - feedback is pending\r\n17.09.2012 - no feedback since we adviced them how to configure the system.\r\n10.09.2012 - feedback pending\r\n03.09.2012 - advice delivered. \r\n\r\n',NULL,'2012-08-23','2013-01-15',3,0,NULL),(79,'1432234','OTCS Ticket 1432234 : Follow up Ticket  OTCS Ticket 1099109 Bridge MSX v10.1.0 Manuelles Archivierenvon IPM.Appointment funktioniert nur zu 50%',NULL,'On Hold','\r\n\r\n',NULL,'2012-07-25',NULL,1,1,NULL),(80,'1439842','RE: OTCS Ticket 1439842 : Archiving Service behavior stops, due to Offline Volume',NULL,'Progress-To Do','\r\n\r\n',NULL,'2012-06-06',NULL,1,1,NULL),(81,'1444719','OTCS Ticket 1444719 - ES 10.2. \"Cannot convert attribute value for Indexing\"  message',NULL,'Close-Wait','26.11.2012 - customer failed to deliver the log file so far.\r\n20.11.2012 - troubleshooting continues, not clear situation with customer.\r\n05.11.2012 - continue troubleshooting. Feedback on our questions is pending. We can share the TB available for other Attribute Extension\r\n                      tickets.\r\n22.10.2012 - test binaries ready for DP and ES itself. We need cusotmer\'s confirmation what scenario they actually use. We ship right away\r\n                      when we get the information.\r\n15.10.2012 - The case description is unsufficient. We need rework them on the input.\r\n08.10.2012 - just started to investigation (Srinivas)\r\n\r\n',NULL,'2012-10-05','2013-01-15',3,0,NULL),(82,'1445700','OTCS Ticket 1445700 - Commerzbank - reproducible issue with documents converted with the PDF converter',NULL,'Bug-Open Ticket','17.12.2012 - review the topic and figure out \"restore defaults\" programmatically? Is that the solution we want to support?\r\n11.12.2012 - reopening the case and review the changes suggested as work around. Is that something that we can deliver and maintain?\r\n20.11.2012 - no one is speaking to BI or respondign to support. We have to revive the communication\r\n03.10.2012 - ask BI to explain why the data is smaller when doubling the resolution?\r\n24.09.2012 - follow up!\r\n17.09.2012 - escalate to Pual this week, continue requesting the status from BI\r\n10.09.2012 - escalate the topic\r\n03.09.2012 - work with BI to get something back ...\r\n13.08.2012 - go to BI with the data we collected from custmer. PDF->PDF creates size problem.\r\n06.08.2012 - it seems data specific. Checking with support to share the data with DL and with CS\r\n30.07.2012 - review how we do the printing into BI when annotations are put on the document.\r\n23.07.2012 - we can reproduce, starting the issue with BI and trying to find out the workaround?\r\n16.07.2012 - scheduled for the analysis.\r\n\r\n',NULL,'2012-07-13',NULL,4,1,'VIEW-299'),(83,'1453977','OTCS Ticket 1453977 JV 9.7.0 - ArrayIndexOutOfBoundsException while showing specific Tif - documents',NULL,'Bug-Closed Wait','3.1.2013 - ** DELIVERED **\n19.11.2012 - splan it for a official delivery. Cusotmer works with \"defect fix\" status only.\r\n06.08.2012 - fixed, needs to be integrated in 10.0.0\r\n30.07.2012 - alpha channel is breaking the processing. Venkat works on preventing JavaViewer to get confised by 4th channel.\r\n23.07.2012 - Image does not display, we don\'t know exactly why it fails. Venkat needs to understand the details ...\r\n\r\n',NULL,'2012-07-13','2013-01-15',5,0,NULL),(84,'1466681','OTCS Ticket 1466681 : ***ESC*** Error message during Email Management Client load.',NULL,'Closed','\r\n\r\n',NULL,'2012-10-08','2013-02-01',1,0,NULL),(85,'1466769','OTCS Ticket 1466769 Annotations gehen bei gleichzeitiger Bearbeitung verloren',NULL,'On Hold','21.1.2013 - TB with customer, confirmation is pending.\n11.12.2012 - the work suspended, Husain was worjking on other activities.\r\n15.11.2012 - The proposal demoed. Functionality accepted, solution requested to integrate with productive code and to 10.0.0\r\n14.11.2012 - Husain reports in the pilot finished. Demonstration scheduled for Nov.15\r\n22.10.2012 - Husain is silent ...\r\n15.10.2012 - Husain continue working on it ...\r\n03.10.2012 - Husain works on it, ask him\r\n24.09.2012 - Husain is not progressing so far.\r\n17.09.2012 - Husian looks into that! Ganesh, speaks to him.\r\n10.09.2012 - send the feature description to Andreas\r\n03.09.2012 - feature request for locking the annotation before editing them!',NULL,'2012-08-31',NULL,4,1,'VIEW-335'),(86,'1467975','OTCS Ticket 1467975 - Java Viewer cannot divide by zero \"java.lang.ArithmeticException: Fraction: Division by zero\"',NULL,'Bug-Closed Wait','3.1.2013 - ** DELIVERED **\n20.11.2012 - Fixed without metadata Extractor. Tested long time back\r\n06.08.2012 - Metadata Extractor required. Check with Thomas \r\n\r\n',NULL,'2012-07-31','2013-01-15',5,0,NULL),(87,'1480829','OTCS Ticket 1480829 ????JR???[Windows Viewer10]Japanese character that is input in annotation is garbled',NULL,'Progress-To Do','11.12.2012 - needs to be committed for patch. TB is accepted only.\r\n20.11.2012 - Vishal generated TB, shared with customer (Akamai). Feedback pending.\r\n22.10.2012 - we cannot still reproduce, we have seen it in Japanese OS only. We suspect some settings issue?\r\n15.10.2012 - needs be rescheduled, Ganesh was sick.\r\n03.10.2012 - issue reproduced, fix scheduled for Oct.8th\r\n24.09.2012 - cannot reproduce, fall back \r\n17.09.2012 - scheduled for this week.\r\n03.09.2012 - irreproducible as of now. Shared environment with CS. \r\n\r\n',NULL,'2012-08-31',NULL,4,1,'VIEW-336'),(88,'1514327','OTCS Ticket 1514327 : ???????????????????????????',NULL,'Progress-To Do','\r\n\r\n',NULL,'2012-09-06',NULL,1,1,NULL),(89,'1515185','OTCS Ticket 1515185 : Journaling (for Notes) has not been done.',NULL,'Pending-Internal','\r\n\r\n',NULL,'2012-10-15',NULL,2,1,NULL),(90,'1521961','OTCS Ticket 1521961 : Fehler beim Vertiffen mit Noteslink 9.7',NULL,'Feedback (Waiting)','11.1.2013 - created PMR at IBM:  21539 SGC 724\n7.1.2013 - got test data to prepare the case for IBM\n17.12.2012 - collecting the input for IBM.\r\n11.12.2012 - the latest delivered DLL for RTF extraction being tested now. The initial resuls are good, we confirm the entire scenario.\r\n20.11.2012 - work resumed. Vishal looks and replies it by Nov.28th.\r\n08.11.2012 - no resource allocated, no capacity available\r\n\r\n',NULL,'2012-11-08',NULL,4,1,'NOLNK-239'),(91,'1526034','OTCS Ticket 1526034 - ES 10.2 Problems with Cascading Attributes.',NULL,'Close-Wait','03.12.2012 - customer feedback positive.\r\n26.11.2012 - customer feedback pending, comitted for patch\r\n20.11.2012 - customer feedback pending, comitted for patch\r\n05.11.2012 - comitted for the patch.\r\n22.10.2012 - test binary sent, feedback pending.\r\n15.10.2012 - after update they still face the problem. We identified yet another problem, test binary is under wau\r\n08.10.2012 - We suggest to move to update 7 or higher on CS side.\r\n\r\n',NULL,'2012-10-02','2013-01-15',3,0,'SCAN-884'),(92,'1526917','OTCS Ticket 1526917 -- Sumitomo - new .alf display and marking issues with Win Viewer 9.7 and patch -021',NULL,'Progress-To Do','11.12.2012 - TB shared and confirmed. Customer is waiting for the official patch only.\r\n22.10.2012 - defect fixed confirmed, additional problem identified by CS office (Kentaro). Higher zoom problem with selection. Get me clone for\r\n                      new problem.\r\n15.10.2012 - We deliver the test binary this week',NULL,'2012-09-28',NULL,4,1,'VIEW-360'),(93,'1527022','OTCS Ticket 1527022 : Neues Ticket - Folgeticket zu 1216117',NULL,'Bug-Open Ticket','7.1.2013 - got test data to prepare the case for IBM\n17.12.2012 - collect the inout to create PMR with IBM\r\n11.12.2012 - follow up problem for 1216117. The Excel cells pasted in the mail body are malformed.\r\n30.10.2012 - no bandwidth to look at that issue.\r\n\r\n',NULL,'2012-11-01',NULL,4,1,'NOLNK-191'),(94,'1527907','OTCS Ticket 1527907 : Passw?rter mit f?hrenden G?nsef??chen erzeugen Fehler bei SAP Anmeldung ?ber DesktopLink / ExchangeLink',NULL,'Feedback (Waiting)','28.1.2013 - Review the status\n11.12.2012 - no update. \r\n22.10.2012 - update is still pending.\r\n15.10.2012 - scheduled for this week. (18.Oct).\r\n\r\n',NULL,'2012-10-04',NULL,4,1,'VIEW-367'),(95,'1572011','OTCS Ticket 1572011 -  \"Exception: java.lang.NegativeArraySizeException\"',NULL,'Bug-Closed Wait','3.1.2013 - ** DELIVERED **\n20.11.2012 - scheduled for patch\r\n05.11.2012 - fixed\r\n08.10.2012 - make fix for automatic calculation of resolution.\r\n\r\n',NULL,'2012-10-05','2013-01-15',5,0,NULL),(96,'1572984','OTCS Ticket 1572984 : Button Order not kept when switching profile & Locked GUI',NULL,'Bug-Open Ticket','20.11.2012 - ** confirmed for patch. closing\r\n05.10.2012 - test binary out, confirmed, scheduled for patch\r\n22.10.2012 - fix, but problems with the build, we wait for Ralf to fix it.\r\n\r\n',NULL,'2012-10-17',NULL,3,1,'SCAN-926'),(97,'1576803','OTCS Ticket 1576803 ABB Ticket:',NULL,'On Hold','23.1.2013 - no update\n16.1.2013 - no feedback from customer at all.\n9.1.2013 - no feedback\n12.12.2012 - \r\n10.12.2012 - the issue has not reoccured again till today. 2 are gone, 4 are propably actual. We need test data, otherwise no progress.\r\n05.12.2012 - on hold, the issues are not reoccuring after regularly removing the TEMP data\r\n\r\n',NULL,'2012-11-07',NULL,2,1,NULL),(98,'1583607','OTCS Ticket 1583607: Cannot re-arange pages in Viewer 10',NULL,'Feedback (Waiting)','28.1.2013 - TB sent, feedback is pending.\n8.1.2013 - test binary will make it by Jan.14\n-- no details yet --',NULL,'2012-12-17',NULL,4,1,'VIEW-386'),(99,'1583614','OTCS Ticket 1583614 - Urgent issue for EADS - WebViewer 10.2 with patch -003 and the security enhancements - URL too long',NULL,'Close-Wait','3.1.2013 - ** DELIVERED **\n03.12.2012 - the last specification implemented today, scr available for tomorrow\'s build. \r\n26.11.2012 - pilot is finished, brun down test finished. Issue with URL parsing identified, subject to fix quickly.\r\n19.11.2012 - the proposal for short URLs created, implementaion start in week in November 16th.\r\n12.11.2012 - the original approach generates too long URLs (2 singatures + XML descriptor), gzipped, base64, url-protected. New proposal started.\r\n\r\n',NULL,'2012-10-24','2013-01-15',5,0,NULL),(100,'1584305','OTCS Ticket 1584305 - Security Problem when installing the DPLES',NULL,'Closed-PostProc','28.1.2013 - customer do not test, expects it in the next version.\n17.12.2012 - feedback pending\r\n10.12.2012 - feedback pending.\r\n26.11.2012 - TB shared, feedback not available.\r\n20.11.2012 - MSP modified. We do not log the password any more, we just save asterisks. Test binary \r\n12.11.2012 - Defects in the installer. The installer is wrtiing in the log the provided passwords in the plain text form. It is inside custom action.\r\n\r\n',NULL,'2012-11-06','2013-01-28',3,0,'SCAN-980'),(101,'1584570','OTCS Ticket 1584570 Enterprise Scan 10.2 Update Indexing Issue',NULL,'Bug-Open Ticket','28.1.2013 - customer confirmed.\n17.12.2012 - test binary is with cusotmer, feeback pending.\r\n10.12.2012 - test binary is not available. Philipp continues to work on it. Scheduled for this week only.\r\n03.12.2012 - Philipp continues working on TB.\r\n26.11.2012 - reproduced, work under progress, cummulative issue found. Philipp work on it.\r\n20.11.2012 - issue reproduced and root cause under analysis. Not identified yet; no ETA for test binary.\r\n\r\n',NULL,'2012-11-12',NULL,3,1,'SCAN-969'),(102,'1584841','OTCS Ticket 1584841 Document Pipeline errors on doctoles tool',NULL,'On Hold','17.12.2012 - tab is committed for January 2013\r\n04.12.2012 - question where the Module source is. Answerred\r\n\r\n',NULL,'2012-12-04',NULL,6,1,NULL),(103,'1585646','RE: OTCS Ticket 1585646 : ***ESC*** Document Pipeline with SSO',NULL,'On Hold','4.2.2013 - no feedback yet\n28.1.2013 - feedback is pending\n7.1.2013 - requested log data, reply is still pending\n17.12.2012 - feedback is pending. Check with support how they did it.\r\n10.12.2012 - received profile but no log file. Requesting log files.\r\n26.11.2012 - wating for the logs. We shared with support our intention to improve on documentation.\r\n20.11.2012 - Double checked on configuration, reply is pending. We started to work on a cook book for OTDN\r\n05.11.2012 - Check on the documentation (Admin guide) and add the cookbook section \"How to configre the SSO\".\r\n\r\n',NULL,'2012-11-02',NULL,3,1,'SCAN-978'),(104,'1586742','OTCS Ticket 1586742 - ES \"10.2.0.587\" - communication with CS - \"Windows credential\"',NULL,'Progress-To Do','4.2.2013 - no feedback yet\n28.1.2013 - feedback is pending\n7.1.2013 - test description provided, we wait for feedback what customer observes\n17.12.2012 - feedback is pending\r\n10.12.2012 - feedback is pending.\r\n03.12.2012 - Windows Credentials / SSO / Antivirus seem to prevent Scan to sing in automatically. CS is working on the case now.\r\n\r\n',NULL,'2012-11-28',NULL,3,1,'SCAN-1044'),(105,'1587138','OTCS Ticket 1587138 - WinViewer 9.7 and 10 PDF display problem',NULL,'Bug-Open Ticket','28.1.2013 - CS should close it with customer, we cannot do anything about it.\n10.1.2013 - ask at data logic how we can find out about the presence of appearance stream in a PDF\n17.12.2012 - appeareance stream is missing with PDF file that includes XFA Forms. We will never ever be able to renderi it.\r\n11.12.2012 - on hold, reopening this week.\r\n22.11.2012 - Datalogics issue. We need to check the permissions to share the data with DL\r\n\r\n',NULL,'2012-11-19',NULL,4,1,'VIEW-389'),(106,'1587660','OTCS Ticket 1587660 XX-PART-OPT-ECM-DE- Details of Message 8000011103 ( SAP Message Number : 0120050409 0000049955 2012 / Sent to SAP Partner',NULL,'Progress-To Do','28.1.2013 - customer does not test the TB, we wait. We may be sitting on publishing it. \n21.1.2013 - Officially produced TB requested to shared with customer. Planned for the patch\n17.1.2013 - Adrian wants to deliver to customer and requests to introduce the fix for DP as weel. Answer is no.\n7.1.2013 - trying to sell 24-hrs cookie in combination with LLCookie based authentication. Speak to Adrian\n17.12.2012 - foolow up with Adrian, identify the real need to change the communication model.\r\n10.12.2012 - Request to implement a workaround. Obtain session handle by re-authenticating with Cookie.\r\n05.12.2012 - How much time takes login in Web? Can we review the sequence of of calls?  Map the cusotmer claims with log files. Check the topology. \r\n03.12.2012 - we cannot probably to do much, unless we rebuild the OTDS integration.\r\n26.11.2012 - OTDS enabled server behaves much slower compared with non-OTDS one. QA is about to reproduce\r\n\r\n',NULL,'2012-11-23',NULL,3,1,'SCAN-1037'),(107,'1592400','OTCS Ticket 1592400 XX-PART-OPT-ECM: Servicios: 8000011222 Enterprise Scan: Critical Erro during th',NULL,'Close-Wait','17.1.2013 - working with grayscale, works OK, but no explicit OK from customer came.\n7.1.2013 - advice shared how to reduce the size of data for operation. customer switched to grayscale\n17.12.2012 - out of memory issue when scanning. Analysis in progress. \r\n10.12.2012 - known problem (SCAN-118). Inactive undo will try to perform volume operation without sequencing them. Undo will do it sequenced only.\r\n\r\n',NULL,'2012-12-03','2013-01-28',3,0,'SCAN-1054'),(108,'1593251','RE: OTCS Ticket 1593251 - WebViewer 10 - \'hide watermarks\' functionality issue',NULL,'Close-Wait','03.12.2012 - ** committed for patch 10.2\r\n26.11.2012 - ** committed for patch 10.0\r\n21.11.2012 - TB with the cusotmer right now.\r\n16.11.2012 - implementation done, QA validates the problem.\r\n12.11.2012 - claifioed the required behavior, reviewed the original decission and provide the required flexibility.\r\n\r\n',NULL,'2012-11-09','2013-01-15',5,0,NULL),(109,'1593847','OTCS Ticket 1593847 - ES, TS and ISIS',NULL,'Closed','20.11.2012 - agreed on review for RN and adding more precise description related to TS \r\n\r\n',NULL,'2012-11-12','2013-01-28',3,0,NULL),(110,'1594132','OTCS Ticket 1594132 - ES 10 patch -004 - behaviour when canceling CS logon',NULL,'Closed','7.1.2013 - feedback pending for TB shared last year\n17.12.2012 - TB will be shared this week for both tickets.\r\n13.12.2012 - TB is produced, uploaded and about to be shared with customer.\r\n10.12.2012 - scheduled for maintenance as well. Test binary can be prepared quickly.\r\n03.12.2012 - known problem. Looking at solution. See if we can push it for Capablanka only!\r\n\r\n',NULL,'2012-11-27','2013-01-28',3,0,NULL),(111,'1594699','OTCS Ticket 1594699 Webviewer 10.2.0 (Build 571) - some Translation missing in built in languages',NULL,'Close-Wait','03.12.2012 - ** committed in Patch 10.2. Properties are checked, help files are subject to move.\r\n26.11.2012 - tranlation has to be incluided in base brach!. Make is for patch!\r\n19.11.2012 - move the localization resources from loc branch into product branch. No need to install localization after a patch gets applied.\r\n\r\n',NULL,'2012-11-14','2013-01-15',5,0,NULL),(112,'1595509','OTCS Ticket 1595509 - EADS - Script Errors in WebViewer 10.2.0 Build 571 (similar to 1445222!)',NULL,'Bug-Closed Ticket','03.12.2012 - ** committed in the patch 10.2. All chnages required for menubar/xml and toolbar.xml are inside!\r\n26.11.2012 - issues is fixed, TB prepared. Build dependency to JICSX prevents to \r\n21.11.2012 - solution identified and under implmentation. ETA in week starting November 26th.\r\n19.11.2012 - problem reproduced, working on the fix. Test is expected to consume time.\r\n16.11.2012 - Problem identified. toolbar.xml configuration file breaks the JavaScript in tiledImage.jsp\r\n\r\n',NULL,'2012-11-16','2013-01-15',5,0,NULL),(113,'1595511','OTCS Ticket 1595511 - EADS - WebViewer 10.2 Build 571 : Document Title in WebViewer header',NULL,'Close-Wait','03.12.2012 - committed in the opatch 10.2. Title is displayed in the central position on the banner.\r\n26.11.2012 - UEX design followed, document tile embedded right in the middle. UEX searchies for right font? Push them!\r\n21.11.2012 - created UI desing, reviewed and confirmed the position of the tile in the middle of header stripe.\r\n19.11.2012 - new UI standard allows product name only. It is given by branding standard. We investigate option to merge product name ann document title. \r\n\r\n',NULL,'2012-11-16','2013-01-15',5,0,NULL),(114,'1595955','OTCS Ticket 1595955 : (PARTNER) Installing Email Management Client for Outlook 2010 in Terminal Server environment',NULL,'Closed','\r\n\r\n',NULL,'2012-11-23','2013-01-15',1,0,NULL),(115,'1597088','OTCS Ticket 1597088: TEMP is full',NULL,'Progress-To Do','6.2.2013 - IBM have not committed the delivery yet, just admitted they will resolve it.\n23.1.2013 - internally solved. IBM support  continues integrating the changes into latest hot fixes.\n16.1.2013 - L3 took over\n14.1.2013 - IBM confirmed they reproduced the problem and submitted to L3 for analysis.\n9.1.2013 - IBM resumed working on the topic. Is reproduced by IBM\n10.12.2012 - IBM requests us to deliver the function name that writes the data.\r\n05.12.2012 - IBM pushes back and tried to move us to new method. Michelle speaks to IBM.\r\n\r\n',NULL,'2012-12-05',NULL,2,1,NULL),(116,'1597368','OTCS Ticket 1597368 - Viewer profile setting \'Always Register\'',NULL,'Feedback (Waiting)','28.1.2013 - Working with support, explained that requested feature cannot be suported like expected by customer or CS.\n7.1.2013 - analysis under way. It is a feature we did not know about. \n\r\n\r\n',NULL,'2012-12-18',NULL,4,1,'VIEW-395'),(117,'1599591','OTCS Ticket 1599591: Sync service stopped working',NULL,'Close-Wait','10.12.2012 - null pointer exception while the user is not set (Application DB, etc.)\r\n05.12.2012 - no update\r\n\r\n',NULL,'2012-12-05','2013-01-15',2,0,NULL),(118,'1602815','OTCS Ticket 1602815 LN Archiving: application database cannot retrieve/restore/archive anymore',NULL,'Close-Wait','10.12.2012 - null pointer exception problem again.\r\n05.12.2012 - fixed in patch, committed.\r\n\r\n',NULL,'2012-12-03','2013-01-15',2,0,NULL),(119,'1602891','OTCS Ticket 1602891 - Upgrade to ES 10.2 issues',NULL,'Close-Wait','7.1.2013 - Migration strategy between 10.0 and 10.2 can skip the old stack data. Needs be manually copied.\n\r\n\r\n',NULL,'2013-01-03','2013-01-15',3,0,NULL),(120,'1603672','OTCS Ticket 1603672: Verarbeitung von Emails sehr langsam (nicht immer) + OutOfMemoryError',NULL,'On Hold','30.1.2013 - no update\n23.1.2013 - no update\n16.1.2013 - no dev work right now\n9.1.2013 - DNS generate. Check the details, How one can generate the data, parameters, etc\n9.1.2013 - does not see a problem for us\n13.12.2012 - An diesem Ticket wird weiter gearbeitet, sobald Patch LNA-1020-011 auf der Bridge installiert ist\r\n\r\n',NULL,'2012-12-13',NULL,2,1,NULL),(121,'1606030','OTCS Ticket 1606030: Domino Absturz durch Agenten IXOSClean und IXOSScheduledAgent Lotus NotesArchiving',NULL,'On Hold','30.1.2013 - no update from customer. We try to move him to standard solution, prevent the GS solution, activate the console logging.\n30.1.2013 - no update from customer\n23.1.2013 - customer is not notified about our recommendations yet. \n16.1.2013 - logging into console.log of notes server, Martin m delivers the configuration to CS. Second we have to make sure ABB delivers the experience with standard solution (deactivate the GS) solution.\n9.1.2013 - Michelle contacts Heim per e-mail\n9.1.2013 - We do not accept any change in SW. speak to IBM (heim) whether they can work faster on the issue.\n13.12.2012 - continue push back. It is not obvious, whose issue that is.\r\n\r\n',NULL,'2012-12-13',NULL,2,1,NULL),(122,'1606066','OTCS Ticket 1606066: LEA 9.6.1 crashes',NULL,'Feedback (Waiting)','6.2.2013 - garbage collector settings?\n6.2.2013 - we cannot reproduce the with simulated umgebung. wrong environment. we get statistic what data are being processed.\n31.1.2013 - getBytes copies bytes into memory and runs out of memory. The method is called inside mail client from Sun. We can use another method in mail client to avoid getBytes. We do it in Tortuga and measure the stability and side effects. We integrate after we receive good results.\n30.1.2013 - new info, not procesed.\n23.1.2013 - Memory 1024 works for them now completely. it is subject to keep like that. Make it entry for release notes.\n23.1.2013 - Memory 1024 works for them now completely. it is subject to keep like that.\n16.1.2013 - 1024 memory settings works for the customer by now, we need to see what next\n14.1.2013 - JICSX specific way of accessing document details. Sev must adjust the calls to JICSX and thus save the memory and handles.\n9.1.2013 - set the memory to 102b a loot at the optimization options for ELM create.\n12.12.2012 - memory configuration for Java adjusted, stability increase. Long term solution, e-mail is built in FS and not in memory.\r\n05.12.2012 - composer runs out of memory? Christian checks the memory settings for composer. \r\n\r\n',NULL,'2012-12-05',NULL,2,1,NULL),(123,'1607805','OTCS Ticket 1607805: Issue mit Retrieve - Offline-Synchronisierung blockiert prio High retrieves',NULL,'Bug-Open Ticket','16.1.2013 - no change in status, customer not informed about our timeline yet. scheduled.\n9.1.2013 - Detaled analyse starts in mid February\n13.12.2012 - short term solution suggested to ABB, feedback panding. Long term solution needs to be submitted to Road Map.\r\n\r\n',NULL,'2012-11-24',NULL,2,1,NULL),(124,'1607913','OTCS Ticket 1607913 : Email Archiving 10.3.0 Stub period',NULL,'Pending-Internal','\r\n\r\n',NULL,'2012-12-06',NULL,1,1,NULL),(125,'1607929','OTCS Ticket 1607929 Lotus Notes Archiving: 10.2.0. Bridge stopped: Fatal error java.lang.NullPointerException',NULL,'Close-Wait','\r\n\r\n',NULL,'2012-12-07','2013-01-15',2,0,NULL),(126,'1608652','OTCS Ticket 1608652 : Bridge 10.2.0+008: Insufficient Memory... (Ref.Nr. Ticket 1466876) ',NULL,'Progress-To Do','30.1.2013 - send NSD to IBM \n23.1.2013 - we have thin data that we can share with customer.\n23.1.2013 - IBM suggests to close the tickets, while the requested data is not delivered. I plan to allow that.\n16.1.2013 - NSD output still not available\n10.1.2013 - PMR opened, IBM requests the NSD run when the error condition occur\n-- no details yet --',NULL,'2012-11-24',NULL,2,1,NULL),(127,'1609458','OTCS Ticket 1609458 - Commerzbank - printing \'blue colour\' .pdfs with Winviewer - NOK  with WIV-0970-021',NULL,'Bug-Open Ticket','28.1.2013 - no fresh update, waiting for DL\n21.1.2013 - VIEW-402  - 35374 recorded by DL\n21.1.2013 - Incidence number assigned, request the regular update from DL.\n7.1.2013 - CS needs to get permision from CoBa to share the data with DL. \n\r\n\r\n',NULL,'2012-12-14',NULL,4,1,'VIEW-394'),(128,'1610384','OTCS Ticket 1610384 - WinViewer 9.7  and DL / ExchL - \'default printer\' swapping seems not to work',NULL,'Close-Wait','28.1.2013 - Workaround not found yet. No resource is actually working on it. \n21.1.2013 - The case is reproduced only, no solution and no fix so far. Scheduled for this week.\n17.1.2013 - It really does not work on TS environment, problem is reproduced. We search for solution\n7.1.2013 - trying to reproduce the problem in TS environment.\n\r\n\r\n',NULL,'2012-12-21','2013-02-09',4,0,'VIEW-396'),(129,'1615483','OTCS Ticket 1615483 - WinViewer 10 - display positioning issue - Win7 \'snap\' functionality',NULL,'Closed','21.1.2013 - Analysed, fix is outlined and the implementation is under way. TB scheduled for week starting January 21st.\n\r\n\r\n',NULL,'2012-12-28','2013-01-28',4,0,'VIEW-398'),(130,'1616876','OTCS Ticket 1616876 - ES 10.2.0 and OS Setting \"NtfsDisable8dot3NameCreation\"',NULL,'Bug-Closed Ticket','28.1.2013 - confirmed by customer, scheduled for the patch\n21.1.2013 - Feedback is pending\n17.1.2013 - Fixes, test binary will be shared yet this week.\n7.1.2013 - Situation: short names cannot be used if system configured into that option only. Trying to reproduce\n\r\n\r\n',NULL,'2012-12-28','2013-02-04',3,0,'SCAN-1081'),(131,'93438','RE: PMR # 93438,SGC,724 (Issue when mail is exported as RTF file) - Request for closure',NULL,'Pending-Internal','23.01.2012 - ',NULL,'2011-10-04',NULL,4,1,NULL),(132,'985316','OTCS Ticket 985316 - WebViewer notes and watermark print issues',NULL,'Pending-Internal','\r\n\r\n',NULL,'2012-11-19',NULL,5,1,NULL),(133,'1601198','RE: OTCS Ticket 1601198 - ES 10.2 and TableKeyLookup issues - latest testbinaries pls',NULL,'Close-Wait','21.1.2013 - Feedback is pending\n17.1.2013 - TB is already shared with the customer, feedback is pending.\n\n',NULL,'2013-01-09','2013-01-28',3,0,'SCAN-1088'),(134,'1619236','OTCS Ticket 1619236 : Fehlermeldung Lotus Notes Archivierung 10.2: Invalid parametercomponentName: ATTACH_00003.6KV SCADA \'hosts',NULL,'Bug-Closed Wait','\n',NULL,'2013-01-09','2013-01-15',2,0,'EMANLN-3188'),(135,'1615424','RE: OTCS Ticket 1615424 : Follow up Ticket 1599559; Problem mit der Notes Composer Komponente',NULL,'Bug-Closed Wait','30.1.2013 - no update from customer\n23.1.2013 - Customer applied the patch, works. Productive environment scheduled for next week\n16.1.2013 - hot fix delivered to CS, Customer informed, Solution will be Schippen to Customer soon\n14.1.2013 - JICSX specific way of accessing document details. Sev must adjust the calls to JICSX and thus save the memory and handles.\n\n',NULL,'2013-01-11','2013-02-09',2,0,'EMANLN-2193'),(136,'1621441','RE: AW: OTCS Ticket 1621441 Markieren der letzten Zeile in Drucklisten mit Viewer 9.7 nicht m?glich',NULL,'Closed','28.1.2013 - CS supported our standpoint, convinced customer to do it.\n21.1.2013 - Did customer accept the registry?\n17.1.2013 - Asian characters in ALF are causing selection issues for last line. There is a flag introduced but customer wants it out of the box, no flags set. Flag must be used though. Make customer to use it.\n\n',NULL,'2013-01-11','2013-01-28',4,0,'VIEW-401'),(137,'1616031','OTCS Ticket 1616031 : ?JR???:?????[Enterprise Scan9.7.1]case example of usuing long barcode',NULL,'Pending-Internal','17.1.2013 - answered, completed.\n14.1.2013 - Barcode resolution issue, looking at the data ...\n\n',NULL,'2013-01-11',NULL,3,1,'SCAN-1042'),(141,'1605644','RE: OTCS Ticket 1605644 : gem?? Ticket #1583389 installierte Patches l?sten Problem nicht',NULL,'Feedback (Waiting)','28.1.2013 - TB shared, no feedback yet.\n21.1.2013 - Issue with parsing the annotations. Fixed.\n17.1.2013 - Check with Husain, do we really understand, what is the problem there\n\n',NULL,'2013-01-11',NULL,4,1,'VIEW-400'),(142,'1622012','OTCS Ticket 1622012 - \"String could not be formatted\" status? and \"..not an image file.\"',NULL,'Feedback (Waiting)','4.2.2013 - Wait for CS to confirm the customer upgrades.\n28.1.2013 - customer have to go to 10.2 and last fix for this\n21.1.2013 - Talked to support and closed the 9.7.1. Deaxctivate the build of 9.7.1 and conserve the image.\n17.1.2013 - Is 9.7.1 issues and we do not plan to deliver test binary anyway. They go to better version\n17.1.2013 - Analysis just started. Critical error during scanning, found error message in log file that does not count. We focus on scanning problem.\n\n',NULL,'2013-01-14',NULL,3,1,'SCAN-1094'),(143,'1608764','OTCS Ticket 1608764 - WinViewer 10 and the rollout of Blackice settings',NULL,'Bug-Open Ticket','28.1.2013 - We probably should drop the idea to - roll out the changes to settings. Let us focus on alternative. Introduce new feature - public document - as a new feature that merges data layers and creates new document, starts archiving with it.\n21.1.2013 - Similar to 1445700. We need to come up with a solution fast.\n\n',NULL,'2013-01-15',NULL,4,1,'VIEW-404'),(144,'1602129','OTCS Ticket 1602129 - Windows Viewer 10 and Registry value \"IXOS_ARCHIVE_ROOT\"',NULL,'Closed','21.1.2013 - Installation stamp. No problem, explained.\n\n',NULL,'2013-01-15','2013-01-22',4,0,'VIEW-403'),(145,'1605281','RE: RE: OTCS Ticket 1605281 SOL 8000011598, SAP 1112520 2012 - Problem closing enterprise scan',NULL,'Bug-Closed Wait','21.1.2013 - CS Logon dialog for attribute extension, canceling the operation is displayed repeatedly. Fixed.\n\n',NULL,'2013-01-18','2013-02-03',3,0,'SCAN-1042'),(146,'1620659','RE: OTCS Ticket 1620659 - WebViewer - no forms overlay working since 9.7.5.1315 .. when using secKeys',NULL,'Bug-Open Ticket','29.1.2013 - Building the defect fix right now.\n21.1.2013 - This functionality never worked. Work QA and make this standard test case!\n19.1.2013 - Reproduced locally, working on fix.\n\n',NULL,'2013-01-18',NULL,5,1,'DOCVW-4001'),(147,'1600861','RE: OTCS Ticket 1600861 - Evonik - Script error when printing from WebViewer with WEV-1020-004',NULL,'Bug-Open Ticket','4.2.2013 - Continue to analyse the case, speaking to Stephen.\n29.1.2013 - Requesting support to deliver information - log file and problem description \n29.1.2013 - Reproducing the problem failed.\n\n',NULL,'2013-01-18',NULL,5,1,'DOCVW-4003'),(148,'1612704','OTCS Ticket 1612704 - Evonik - Logging of Document URLs ',NULL,'Closed','29.1.2013 - Evonik problem will be addressed ion the next product version.\n21.1.2013 - The applets must be recompiled to influence the level of log that is write to java console. Number of Console.print(). Delete them\n\n',NULL,'2013-01-18','2013-02-09',5,0,'DOCVW-4006'),(149,'1600416','OTCS Ticket 1600416 - Evonik WebViewer 10.2 - Java Applet for eMail Problem',NULL,'Closed','4.2.2013 - Mail Applet get data generated on the WebViewer. WebViewer knows nothing about the context switching from SSL to plan and believes the incoming traffic is HTTP. That is why the data for applet contain HTTP only.\n29.1.2013 - Trying to clarify the topology, where the context switch happens.\n21.1.2013 - We don\'t know if we can do anything for them. They seems to have problem with infrastructure, swaping HTTP and HTTPS by an added component.\n19.1.2013 - Applets are writing log information into Java Console. Prevent it. Further we have still script errors when using customized toolbar/menu items through XML. \n\n',NULL,'2013-01-19','2013-02-09',5,0,'DOCVW-4007'),(150,'1626694','RE: OTCS Ticket 1626694: EADS Scan Client connection problem',NULL,'Pending-Internal','4.2.2013 - Check on what library we exactly use there to get the list. We can ask AS if the library is theirs.\n28.1.2013 - proxy in between, challenge is sent  to Scan. Application cannot handle it. By when the feature will be available? \n24.1.2013 - OTCS Ticket 1610984 : dshAdmsCommand(\'cf_get_server_info2 ...\') failed \n19.1.2013 - Scan cannot build connection to Archive over SSL on port 443. It worked and stopped working recently. No update to Scan, no change in infrastructure claimed.\n\n',NULL,'2013-01-19',NULL,3,1,'SCAN-1100'),(151,'1476282','RE: OTCS Ticket 1476282 Error using Enterprise Scan 10.2 export into OCC 10.2',NULL,'Close-Wait','19.1.2013 - The connection Archive server via SSL (port 443) stopped working. \n\n',NULL,'2013-01-19','2013-01-28',3,0,NULL),(152,'1625660','OTCS Ticket 1625660 - WebViewer 10.2 - very many log messages : \"ALT attribute is missing for ....\"',NULL,'Feedback (Waiting)','29.1.2013 - alt attribute is missing for generated images. We do not need to generate the attribute. Warn message is generated for all documents without form. Make it info statement only\n\n',NULL,'2013-01-23',NULL,5,1,'DOCVW-4013'),(153,'1600409','OTCS Ticket 1600409 - URGENT - Commerzbank - WinViewer 9.7 patch -021 and second Viewer instance does not work',NULL,'Progress-To Do','28.1.2013 - Behavior reproduced, analysis scheduled. \n\n',NULL,'2013-01-23',NULL,4,1,'VIEW-407'),(154,'1625706','OTCS Ticket 1625706 : Categories on dynamic folders created by Document pipeline',NULL,'Bug-Open Ticket','4.2.2013 - TB out and confirmed by the customer. Scheduled for patch\n28.1.2013 - skip writing the category information for dynamically created folders. TB is ready.\n\n',NULL,'2013-01-23',NULL,3,1,'SCAN-1101'),(155,'1622299','OTDS Ticket 1622299 - WebViewer 10.2 - Evonik - Message \"Document Id for use cache is conflicts with render documeent id\" - no Thumbnail display!',NULL,'Progress-To Do','29.1.2013 - Defective separator shipped by SAP solution causes the mismatch of docids inside the signature. SAP works on fix. We do not need to do anything as of now.\n\n',NULL,'2013-01-23',NULL,5,1,'DOCVW-4010'),(156,'1622058','OTCS Ticket 1622058 - ES 10 / 10.2 - direct release to CS - Creating a 2nd Version of a file with an apostrophe in the name fails.',NULL,'Closed-PostProc','28.1.2013 - fails to create version for file name or folders containing single quota.\n\n',NULL,'2013-01-23','2013-02-01',3,0,'SCAN-1104'),(157,'1600858','OTCS Ticket 1600858 : Noteslink: Seitenrand wird abgeschnitten beim archivieren von Emails',NULL,'Bug-Open Ticket','7.2.2013 - look the input from IBM\n24.1.2013 - Support identified large number often problems, that does not work.\n24.1.2013 - similar topic that we know from other customers. The whole solution has strong limitation. Requires my Review!\n\n',NULL,'2013-01-23',NULL,4,1,'NOLNK-141'),(158,'1628446','OTCS Ticket 1628446 : ???????[Windows Viewer9.7]blank space is displayed when open printlist with Windows Viewer9.7',NULL,'Progress-To Do','28.1.2013 - Regression issue. ALF adjustments done. Husain delivers the number for original problem.\n\n',NULL,'2013-01-23',NULL,4,1,'VIEW-408'),(159,'1610984','OTCS Ticket 1610984 : dshAdmsCommand(\'cf_get_server_info2 ...\') failed ',NULL,'Progress-To Do','23.1.2013 - The re is a proxy in between that challenges Scan to re-authenticate. That is unsupported behavior.\n\n',NULL,'2013-01-23',NULL,3,1,NULL),(160,'1628452','OTCS Ticket 1628452 : Slow retrieval time of archived e-mails',NULL,'Bug-Closed Ticket','\n',NULL,'2013-01-23','2013-02-01',1,0,'EMANEX-2833'),(161,'1624524','OTCS Ticket 1624524 : ?????LiveLink???????',NULL,'Pending-Internal','\n',NULL,'2013-01-24',NULL,1,1,NULL),(162,'1627853','RE: AW: OTCS Ticket 1627853 Problem? ASCI-Dokumente werden in einem gedrungenen Font imWebViewer angezeigt',NULL,'Pending-Internal','29.1.2013 - Form.info component contain false font height parameter. We recommend to adjust it. Feedback pending.\n\n',NULL,'2013-01-24',NULL,5,1,'DOCVW-4008'),(163,'1604481','RE: OTCS Ticket 1604481 - WinViewer 9.7 +021 - issue with .dotm files and the Office-addins',NULL,'Feedback (Waiting)','\n',NULL,'2013-01-24',NULL,4,1,'VIEW-409'),(164,'1613270','RE: AW: OTCS Ticket 1613270 LiveLink Imaging Windows Viewer 9.7 - Patch 21: Drucken von Mailsaus Outlook im Querformat',NULL,'Feedback (Waiting)','\n',NULL,'2013-01-27',NULL,4,1,NULL),(165,'1629269','OTCS Ticket 1629269 : OT@CS: Problem archiving eMail',NULL,'Feedback (Waiting)','\n',NULL,'2013-01-27',NULL,1,1,NULL),(166,'1631958','RE: OTCS Ticket 1631958 - Commerzbank - \'Server busy\'  messages with multiple Viewer Windows',NULL,'Bug-Open Ticket','\n',NULL,'2013-01-30',NULL,4,1,'VIEW-407'),(167,'1633431','OTCS Ticket 1633431 : Email Management Services 10.3.0 Language Pack?',NULL,'Close-Wait','30.1.2013 - By when is the German localization available?\n\n',NULL,'2013-01-30','2013-02-04',1,0,NULL),(168,'1626295','RE: OTCS Tickets 1626295 + 1630459 -- JIRA SCAN-926 - ES 10.2 Toolbar persistance',NULL,'Bug-Open Ticket','4.2.2013 - Problem reproduced. Is planned to fix.\n\n',NULL,'2013-01-30',NULL,3,1,'SCAN-1124'),(169,'1613158','OTCS Ticket 1613158 - ES 10.2 patch -001 and some interaction with CS',NULL,'Feedback (Waiting)','4.2.2013 - Code analysis done, we have to do it for the sake of storage provider. He requires to know the information before we insert the version.\n30.1.2013 - It is a detailed analysis of CS traces shows some illogical behavior of the Scan client. Customer expects explanation\n\n',NULL,'2013-01-30',NULL,3,1,'SCAN-1125'),(170,'1631916','RE: OTCS Ticket 1631916 : BridgeMSX: Mobile Devices',NULL,'Feedback (Waiting)','30.1.2013 - The 10.3.0 version has provided initial support for mobile devices by using the URL in stub feature. This will insert a button into the email with which the user can access the Email via OWA.\n\n',NULL,'2013-01-30',NULL,1,1,NULL),(171,'1632558','FW: RE: OTCS Ticket 1632558 Feature Request for Carefusion U.K.: ingestion of PDF attachmentsvia MS Exchange',NULL,'Bug-Open Ticket','7.2.2013 - update case with the decision from Johannes.\n6.2.2013 - Johannes stopped the Aktivity. We make the customer to wait for the next major version.\n4.2.2013 - Talk to Jochen, what effort we need to have PDF in E-Mail\n30.1.2013 - PDF cannot be ingested from e-mail. Only FS is supported. We look for solution with GS. Either pre-processing the e-mail and temporary saving to FS or extending support in Scan for PDF from e-mail\n\n',NULL,'2013-01-30',NULL,3,1,'SCAN-1130'),(172,'1632804','OTCS Ticket 1632804 : Questions on Email Management for Microsoft Exchange ',NULL,'Closed','\n',NULL,'2013-01-31','2013-02-01',1,0,NULL),(173,'1632580','RE: OTCS Ticket 1632580 - ES 10 - Index Value not cleared ',NULL,'Bug-Open Ticket','8.2.2013 - 2 problems reported, first reproduced. \n4.2.2013 - Index value persists even we delete the stack. Reproduced partially, we plan to fix it is 10.0.0\n\n',NULL,'2013-01-31',NULL,3,1,'SCAN-1128'),(174,'1630941','RE: OTCS Ticket 1630941 : email management for microsoft exchange',NULL,'Closed','\n',NULL,'2013-01-31','2013-02-01',1,0,NULL),(175,'1624001','RE: OTCS Ticket 1624001 - enterprise scan - endorser counter [SCAN-188]',NULL,'Feedback (Waiting)','4.2.2013 - Is planned for 11.0 only. Do we really need to include in escalations? Expecting no\n\n',NULL,'2013-01-31',NULL,3,1,'SCAN-188'),(176,'1633511','OTCS Ticket 1633511 : Datenbank kann nicht in der ACMF hinzugef?gt werden',NULL,'Feedback (Waiting)','6.2.2013 - we propose an easy workaround only. we do not delete from PEV, but customer can restore the e-mails without problems.\n31.1.2013 - can be unproductive code, customer is abandoning the solution\n31.1.2013 - Broken logic in scheduler miss to recognize the Original from Replica\n\n',NULL,'2013-01-31',NULL,2,1,NULL),(177,'1631682','OTCS Ticket 1631682 - ES 10 - memory leak when importing PDFs - SCAN-917',NULL,'Feedback (Waiting)','4.2.2013 - Customer on patch level 5 shill have memory issues. Looks like GScript conversion error? Address to Jochen on standup\n\n',NULL,'2013-02-01',NULL,3,1,'SCAN-1129'),(178,'1635178','OTCS Ticket 1635178 - WebViewer 10.2 and FORM.INFO',NULL,'Bug-Open Ticket','\n',NULL,'2013-02-04',NULL,5,1,NULL),(179,'1631777','OTCS Ticket 1631777 : Bridge LN v10: ArchiveWork-03 An exception occurred',NULL,'Feedback (Waiting)','6.2.2013 - we try to avoid the change, it triggers changes in the mail template. We do not want to do it.\n4.2.2013 - The UI improvement based on the status of the archiving process.\n\n',NULL,'2013-02-04',NULL,2,1,'EMANLN-2218'),(180,'1624896','OTCS Ticket 1624896 : Email Archiving Bridge for MS Exchange  2003-2010',NULL,'Feedback (Waiting)','\n',NULL,'2013-02-04',NULL,1,1,NULL),(181,'1635911','RE: WG: OTCS Ticket 1635911 Outlook 2013 Support',NULL,'Progress-To Do','\n',NULL,'2013-02-04',NULL,1,1,NULL),(182,'1632033','OTCS Ticket 1632033 - Installation bug in WEV-1020-004.msp  .. needs testing/fixing for WEV-1020-005.msp !',NULL,'Bug-Closed Ticket','6.2.2013 - The issue has been identified by QA earlier, we already have a fix for that inside 005.\n6.2.2013 - Patch 005 for RCS platform renders the installation completely dead. Reproduced at support. \n\n',NULL,'2013-02-05','2013-02-09',5,0,'DOCVW-4026'),(183,'1617325','OTCS Ticket 1617325 - DocToLes 10.2 - Error treatment when Documents Categories incorrect version and cannot be updated.',NULL,'Bug-Open Ticket','\n',NULL,'2013-02-05',NULL,3,1,NULL),(184,'1626328','RE: AW: OTCS Ticket 1626328 Windows Viewer: Problem TIFF-Anzeige im IE 8',NULL,'Pending-Internal','7.2.2013 - Combining in-place view and standalone in SAP. Cannot work out of the box without under sting it better. Get the network logs.\n\n',NULL,'2013-02-06',NULL,4,1,NULL),(185,'1581373','OTCS Ticket 1581373 - WinViewer 10 and TCP - Problem with the \'FollowURL\' functionality',NULL,'Progress-To Do','\n',NULL,'2013-02-07',NULL,4,1,'VIEW-425'),(186,'1638406','OTCS Ticket 1638406 : Email Archiving Service - Extremely poor performance/Unable toretrieve emails from Archive <Urgent>',NULL,'Feedback (Waiting)','\n',NULL,'2013-02-07',NULL,1,1,NULL),(187,'1632040','OTCS Ticket 1632040 - Java Viewer installation on an IIS7 - configuration needed?',NULL,'Progress-To Do','8.2.2013 - Suggestion - remote the CGI configuration specific part from description, keep inside the JavaViewer resources part. Make sure that CGI is clearly named as used technology that the user needs to configure alone.\n\n',NULL,'2013-02-07',NULL,5,1,NULL),(188,'1598766','OTCS Ticket 1598766 - WinViewer 9.7+10 - ALF display issue',NULL,'Bug-Open Ticket','\n',NULL,'2013-02-08',NULL,4,1,NULL),(189,'1630746','OTCS Ticket 1630746 : ***ESC*** stubbing issue',NULL,'Pending-Internal','\n',NULL,'2013-02-08',NULL,1,1,NULL),(190,'1615513','OTCS Ticket 1615513 : User can\'t open archived mails in a case of a teammailbox',NULL,'Progress-To Do','\n',NULL,'2013-02-08',NULL,1,1,NULL),(191,'1597255','OTCS Ticket 1597255: Kodak i1860 problem when scanning',NULL,'Feedback (Waiting)','8.2.2013 - Fix for 9.7.1 we do nothing. Reply to Christian that the version is not with support anymore\n\n',NULL,'2013-02-08',NULL,3,1,NULL);
/*!40000 ALTER TABLE `t01_case` ENABLE KEYS */;
UNLOCK TABLES;

--
-- Table structure for table `t02_patch`
--

DROP TABLE IF EXISTS `t02_patch`;
/*!40101 SET @saved_cs_client     = @@character_set_client */;
/*!40101 SET character_set_client = utf8 */;
CREATE TABLE `t02_patch` (
  `id_02` int(10) unsigned NOT NULL AUTO_INCREMENT,
  `name_02` varchar(45) COLLATE latin2_czech_cs NOT NULL,
  `release_02` date NOT NULL,
  `status_02` varchar(64) COLLATE latin2_czech_cs DEFAULT NULL,
  PRIMARY KEY (`id_02`)
) ENGINE=InnoDB AUTO_INCREMENT=20 DEFAULT CHARSET=latin2 COLLATE=latin2_czech_cs;
/*!40101 SET character_set_client = @saved_cs_client */;

--
-- Dumping data for table `t02_patch`
--

LOCK TABLES `t02_patch` WRITE;
/*!40000 ALTER TABLE `t02_patch` DISABLE KEYS */;
INSERT INTO `t02_patch` VALUES (1,'WIV-0970-022','2013-02-28','open'),(2,'WIV-1000-006','2013-03-15','open'),(3,'WEV-0975-010','2012-12-30','developed'),(4,'WEV-1020-002','2012-12-14','developed'),(5,'WEV-1000-003','2012-11-30','developed'),(6,'WIV-0970-021','2012-09-28','developed'),(7,'WIV-1000-005','2012-10-15','developed'),(8,'WIV-0970-023','2013-02-28','open'),(9,'WEV-1000-005','2013-05-01','archived'),(10,'JAV-0970-007','2013-01-03','archived'),(11,'JAV-1000-003','2013-01-03','archived'),(12,'ESC-1020-002','2013-04-01','open'),(13,'WEV-1020-004','2012-12-14','developed'),(14,'LNA-1020-011','2012-11-14','archived'),(15,'ESC-1000-006','2013-04-15','open'),(16,'EXA-1020-005','2013-01-30','developed'),(17,'WEV-1020-005','2013-02-12','open'),(18,'ESC-0971-010','2013-02-15','open'),(19,'WEV-0975-012','2013-03-30','open');
/*!40000 ALTER TABLE `t02_patch` ENABLE KEYS */;
UNLOCK TABLES;

--
-- Table structure for table `t03_link`
--

DROP TABLE IF EXISTS `t03_link`;
/*!40101 SET @saved_cs_client     = @@character_set_client */;
/*!40101 SET character_set_client = utf8 */;
CREATE TABLE `t03_link` (
  `id_01` int(10) unsigned DEFAULT NULL,
  `id_02` int(10) unsigned DEFAULT NULL,
  KEY `fk_t03_link_1_idx` (`id_01`),
  KEY `fk_t03_link_2_idx` (`id_02`),
  CONSTRAINT `fk_t03_link_1` FOREIGN KEY (`id_01`) REFERENCES `t01_case` (`id_01`) ON DELETE NO ACTION ON UPDATE NO ACTION,
  CONSTRAINT `fk_t03_link_2` FOREIGN KEY (`id_02`) REFERENCES `t02_patch` (`id_02`) ON DELETE NO ACTION ON UPDATE NO ACTION
) ENGINE=InnoDB DEFAULT CHARSET=latin2 COLLATE=latin2_czech_cs;
/*!40101 SET character_set_client = @saved_cs_client */;

--
-- Dumping data for table `t03_link`
--

LOCK TABLES `t03_link` WRITE;
/*!40000 ALTER TABLE `t03_link` DISABLE KEYS */;
INSERT INTO `t03_link` VALUES (117,14),(118,14),(125,14),(70,1),(70,2),(71,1),(77,1),(77,2),(85,2),(85,1),(87,1),(87,2),(92,2),(92,1),(98,2),(81,12),(91,12),(96,12),(100,12),(101,12),(110,12),(110,15),(99,13),(108,13),(108,9),(111,13),(112,13),(112,9),(113,13),(83,11),(83,10),(95,11),(73,3),(86,11),(84,16),(142,18),(106,12),(145,15),(141,1),(141,2),(129,2),(75,1),(75,2),(154,12),(156,12),(130,12),(142,12),(145,12),(152,12),(146,19),(173,15),(173,12),(168,12),(182,17);
/*!40000 ALTER TABLE `t03_link` ENABLE KEYS */;
UNLOCK TABLES;

--
-- Table structure for table `t04_project`
--

DROP TABLE IF EXISTS `t04_project`;
/*!40101 SET @saved_cs_client     = @@character_set_client */;
/*!40101 SET character_set_client = utf8 */;
CREATE TABLE `t04_project` (
  `project_04` int(10) unsigned NOT NULL,
  `short_text_04` varchar(32) COLLATE latin2_czech_cs DEFAULT NULL,
  `long_text_04` varchar(128) COLLATE latin2_czech_cs DEFAULT NULL,
  KEY `project_04_idx` (`project_04`)
) ENGINE=InnoDB DEFAULT CHARSET=latin2 COLLATE=latin2_czech_cs;
/*!40101 SET character_set_client = @saved_cs_client */;

--
-- Dumping data for table `t04_project`
--

LOCK TABLES `t04_project` WRITE;
/*!40000 ALTER TABLE `t04_project` DISABLE KEYS */;
INSERT INTO `t04_project` VALUES (1,'Exchange','E-Mail (Exchange)'),(2,'Notes','E-Mail (Notes)'),(3,'Husain','Enterprise Scan'),(4,'Ganesh','Viewers & DesktopLink'),(5,'Pavana','WebViewer'),(6,'Stephan','FSA'),(99,'Unassigned','Yet unassigned cases');
/*!40000 ALTER TABLE `t04_project` ENABLE KEYS */;
UNLOCK TABLES;

--
-- Table structure for table `t05_fav`
--

DROP TABLE IF EXISTS `t05_fav`;
/*!40101 SET @saved_cs_client     = @@character_set_client */;
/*!40101 SET character_set_client = utf8 */;
CREATE TABLE `t05_fav` (
  `id_01` int(10) unsigned DEFAULT NULL,
  UNIQUE KEY `id_01_UNIQUE` (`id_01`),
  KEY `fk_t05_link_1_idx` (`id_01`),
  CONSTRAINT `fk_t05_link_1` FOREIGN KEY (`id_01`) REFERENCES `t01_case` (`id_01`) ON DELETE NO ACTION ON UPDATE NO ACTION
) ENGINE=InnoDB DEFAULT CHARSET=latin2 COLLATE=latin2_czech_cs;
/*!40101 SET character_set_client = @saved_cs_client */;

--
-- Dumping data for table `t05_fav`
--

LOCK TABLES `t05_fav` WRITE;
/*!40000 ALTER TABLE `t05_fav` DISABLE KEYS */;
/*!40000 ALTER TABLE `t05_fav` ENABLE KEYS */;
UNLOCK TABLES;
/*!40103 SET TIME_ZONE=@OLD_TIME_ZONE */;

/*!40101 SET SQL_MODE=@OLD_SQL_MODE */;
/*!40014 SET FOREIGN_KEY_CHECKS=@OLD_FOREIGN_KEY_CHECKS */;
/*!40014 SET UNIQUE_CHECKS=@OLD_UNIQUE_CHECKS */;
/*!40101 SET CHARACTER_SET_CLIENT=@OLD_CHARACTER_SET_CLIENT */;
/*!40101 SET CHARACTER_SET_RESULTS=@OLD_CHARACTER_SET_RESULTS */;
/*!40101 SET COLLATION_CONNECTION=@OLD_COLLATION_CONNECTION */;
/*!40111 SET SQL_NOTES=@OLD_SQL_NOTES */;

-- Dump completed on 2013-02-11 10:46:55
